<application>
  <component name="CodeInsightSettings">
    <option name="SURROUND_SELECTION_ON_QUOTE_TYPED" value="false" />
    <option name="AUTOINSERT_PAIR_BRACKET" value="false" />
    <option name="AUTOINSERT_PAIR_QUOTE" value="false" />
  </component>
  <component name="CodeVisionSettings">
    <option name="defaultPosition" value="Right" />
  </component>
  <component name="EditorSettings">
    <option name="SHOW_QUICK_DOC_ON_MOUSE_OVER_ELEMENT" value="false" />
    <option name="IS_ANIMATED_SCROLLING" value="false" />
  </component>
</application>