<application>
  <component name="FindSettings">
    <option name="caseSensitive" value="true" />
    <option name="customScope" value="All Places" />
    <option name="defaultScopeName" value="All Places" />
    <option name="skipResultsWithOneUsage" value="true" />
    <option name="SKIP_RESULTS_WHEN_ONE_USAGE" value="true" />
    <option name="CASE_SENSITIVE_SEARCH" value="true" />
    <option name="SEARCH_SCOPE" value="All Places" />
    <mask>*.go,!*_test.go</mask>
    <mask>*.go,!*_test.go,!*.pb.go</mask>
    <mask>*.tf,*.tfvars,*.go,*_test.go,!*.pb.go</mask>
    <mask>*_test.go,!*.pb.go</mask>
    <mask>*.go,*_test.go,!*.pb.go</mask>
    <mask>*.sh,*.go,*_test.go,!*.pb.go</mask>
    <mask>!*.pb.go,!*.lof</mask>
    <mask>!*.pb.go,!*.log</mask>
    <mask>*.go,!*_test.go,!*.pb.go,!*.log</mask>
    <mask>*.go,!*.pb.go,!*.log</mask>
    <mask>*.css</mask>
    <mask>*.html</mask>
    <mask>*.xml</mask>
    <mask>*.go2</mask>
    <mask>*.proto</mask>
    <mask>*.go</mask>
    <mask>!bazel-</mask>
    <mask>!*_test.go</mask>
    <mask>!*_test.go,*.tf</mask>
    <mask>*.bzl</mask>
    <mask>*.yaml</mask>
    <mask>*.tf</mask>
  </component>
</application>