<application>
  <component name="GoSdkList">
    <sdk-url>
      <set>
        <option value="file://$USER_HOME$/go/go1.20.4" />
        <option value="file:///home/linuxbrew/.linuxbrew/Cellar/go/1.19.5/libexec" />
        <option value="file:///home/linuxbrew/.linuxbrew/Cellar/go/1.20.4/libexec" />
        <option value="file:///usr/local/go" />
        <option value="file:///usr/local/go-1.17" />
        <option value="file:///usr/local/go-1.19" />
      </set>
    </sdk-url>
  </component>
</application>