<application>
  <component name="vgo">
    <environment>
      <map>
        <entry key="GOPRIVATE">
          <value>
            <list>
              <option value="github.com/intrinsic-ai" />
              <option value="github.com/intrinsic-ai/protos" />
              <option value="github.com/OpenSourceRobotics" />
              <option value="github.com/opensourcerobotics" />
              <option value="github.com/OpenSourceRoboics" />
            </list>
          </value>
        </entry>
      </map>
    </environment>
  </component>
</application>