<keymap version="1" name="Visual Studio copy" parent="Visual Studio">
  <action id="$Undo">
    <keyboard-shortcut first-keystroke="ctrl z" />
  </action>
  <action id="Back">
    <mouse-shortcut keystroke="button4" />
    <keyboard-shortcut first-keystroke="shift alt left" />
  </action>
  <action id="ChangeSignature">
    <keyboard-shortcut first-keystroke="ctrl r" second-keystroke="s" />
    <keyboard-shortcut first-keystroke="ctrl r" second-keystroke="ctrl s" />
    <keyboard-shortcut first-keystroke="ctrl f6" />
  </action>
  <action id="CheckinProject">
    <keyboard-shortcut first-keystroke="ctrl k" />
  </action>
  <action id="CollapseAllRegions">
    <keyboard-shortcut first-keystroke="shift ctrl subtract" />
  </action>
  <action id="CollapseRegion">
    <keyboard-shortcut first-keystroke="ctrl subtract" />
  </action>
  <action id="CommentByLineComment">
    <keyboard-shortcut first-keystroke="ctrl slash" />
  </action>
  <action id="Debugger.AddToWatch">
    <keyboard-shortcut first-keystroke="shift ctrl alt insert" />
  </action>
  <action id="EditBreakpoint">
    <keyboard-shortcut first-keystroke="shift ctrl f9" />
  </action>
  <action id="EditorAddOrRemoveCaret">
    <mouse-shortcut keystroke="alt button1" />
    <mouse-shortcut keystroke="shift alt button1" />
  </action>
  <action id="EditorAddRectangularSelectionOnMouseDrag" />
  <action id="EditorCloneCaretAbove">
    <keyboard-shortcut first-keystroke="shift alt up" />
  </action>
  <action id="EditorCloneCaretBelow">
    <keyboard-shortcut first-keystroke="shift alt down" />
  </action>
  <action id="EditorCreateRectangularSelectionOnMouseDrag">
    <mouse-shortcut keystroke="button2" />
  </action>
  <action id="EditorDeleteLine">
    <keyboard-shortcut first-keystroke="ctrl l" />
    <keyboard-shortcut first-keystroke="shift ctrl l" />
    <keyboard-shortcut first-keystroke="ctrl alt back_space" />
  </action>
  <action id="EditorHungryBackSpace">
    <keyboard-shortcut first-keystroke="alt back_space" />
  </action>
  <action id="EditorLeftWithSelection">
    <keyboard-shortcut first-keystroke="shift left" />
  </action>
  <action id="EditorRightWithSelection">
    <keyboard-shortcut first-keystroke="shift right" />
  </action>
  <action id="EditorSortLines">
    <keyboard-shortcut first-keystroke="f8" />
  </action>
  <action id="ExpandRegion">
    <keyboard-shortcut first-keystroke="ctrl add" />
  </action>
  <action id="ExpressionTypeInfo">
    <keyboard-shortcut first-keystroke="shift alt t" />
  </action>
  <action id="FileStructurePopup">
    <keyboard-shortcut first-keystroke="alt back_slash" />
    <keyboard-shortcut first-keystroke="ctrl f12" />
  </action>
  <action id="FindNext">
    <keyboard-shortcut first-keystroke="f3" />
    <keyboard-shortcut first-keystroke="ctrl alt page_down" />
  </action>
  <action id="FindPrevious">
    <keyboard-shortcut first-keystroke="shift f3" />
    <keyboard-shortcut first-keystroke="ctrl alt page_up" />
  </action>
  <action id="Forward">
    <mouse-shortcut keystroke="button5" />
    <keyboard-shortcut first-keystroke="shift alt right" />
  </action>
  <action id="Git.Commit.And.Push.Executor">
    <keyboard-shortcut first-keystroke="shift ctrl alt k" />
    <keyboard-shortcut first-keystroke="ctrl alt k" />
  </action>
  <action id="Git.Fetch">
    <keyboard-shortcut first-keystroke="shift ctrl g" second-keystroke="f" />
  </action>
  <action id="Git.Pull">
    <keyboard-shortcut first-keystroke="shift ctrl g" second-keystroke="g" />
  </action>
  <action id="GotoImplementation">
    <keyboard-shortcut first-keystroke="alt end" />
    <mouse-shortcut keystroke="control alt button1" />
    <keyboard-shortcut first-keystroke="altGraph f12" />
  </action>
  <action id="GotoNextBookmark" />
  <action id="GotoPreviousBookmark" />
  <action id="Graph.ActualSize">
    <keyboard-shortcut first-keystroke="ctrl divide" />
  </action>
  <action id="Images.Editor.ActualSize">
    <keyboard-shortcut first-keystroke="ctrl divide" />
  </action>
  <action id="IncrementWindowHeight" />
  <action id="InsertLiveTemplate">
    <keyboard-shortcut first-keystroke="ctrl e" second-keystroke="l" />
    <keyboard-shortcut first-keystroke="ctrl e" second-keystroke="ctrl l" />
  </action>
  <action id="JumpToLastWindow">
    <keyboard-shortcut first-keystroke="shift alt f6" />
  </action>
  <action id="MoveLineDown">
    <keyboard-shortcut first-keystroke="shift ctrl down" />
  </action>
  <action id="MoveLineUp">
    <keyboard-shortcut first-keystroke="shift ctrl up" />
  </action>
  <action id="MoveStatementDown">
    <keyboard-shortcut first-keystroke="shift ctrl numpad5" />
  </action>
  <action id="MoveStatementUp">
    <keyboard-shortcut first-keystroke="shift ctrl numpad8" />
  </action>
  <action id="NewScratchFile" />
  <action id="QuickJavaDoc">
    <keyboard-shortcut first-keystroke="shift alt r" />
  </action>
  <action id="QuickTypeDefinition">
    <keyboard-shortcut first-keystroke="shift alt q" />
  </action>
  <action id="ReformatCode">
    <keyboard-shortcut first-keystroke="alt f8" />
  </action>
  <action id="RenameElement">
    <keyboard-shortcut first-keystroke="ctrl r" second-keystroke="r" />
    <keyboard-shortcut first-keystroke="ctrl r" second-keystroke="ctrl r" />
    <keyboard-shortcut first-keystroke="shift f6" />
  </action>
  <action id="ResizeToolWindowDown" />
  <action id="ShowBlankDiffWindow">
    <keyboard-shortcut first-keystroke="shift alt d" second-keystroke="b" />
  </action>
  <action id="ShowBookmarks">
    <keyboard-shortcut first-keystroke="alt w" />
  </action>
  <action id="ShowErrorDescription">
    <keyboard-shortcut first-keystroke="alt e" />
  </action>
  <action id="SurroundWithLiveTemplate">
    <keyboard-shortcut first-keystroke="ctrl e" second-keystroke="u" />
    <keyboard-shortcut first-keystroke="ctrl e" second-keystroke="ctrl u" />
  </action>
  <action id="ToggleBookmark" />
  <action id="ToggleBookmarkWithMnemonic">
    <keyboard-shortcut first-keystroke="alt s" />
  </action>
  <action id="ViewBreakpoints">
    <keyboard-shortcut first-keystroke="alt f9" />
  </action>
  <action id="WD.UploadCurrentRemoteFileAction" />
  <action id="hg4idea.QFold" />
</keymap>