<keymap version="1" name="Visual Studio copy 0" parent="Visual Studio">
  <action id="AddToFavoritesPopup" />
  <action id="Back">
    <keyboard-shortcut first-keystroke="ctrl alt left" />
    <mouse-shortcut keystroke="button4" />
    <keyboard-shortcut first-keystroke="shift alt left" />
  </action>
  <action id="Debugger.AddToWatch">
    <keyboard-shortcut first-keystroke="shift ctrl alt insert" />
  </action>
  <action id="Debugger.Tree.AddToWatches">
    <keyboard-shortcut first-keystroke="shift ctrl alt insert" />
  </action>
  <action id="DecrementWindowHeight" />
  <action id="EditorAddOrRemoveCaret">
    <mouse-shortcut keystroke="shift alt button1" />
  </action>
  <action id="EditorCloneCaretAbove">
    <keyboard-shortcut first-keystroke="shift alt up" />
  </action>
  <action id="EditorCloneCaretBelow">
    <keyboard-shortcut first-keystroke="shift alt down" />
  </action>
  <action id="EditorSplitLine" />
  <action id="ExpressionTypeInfo">
    <keyboard-shortcut first-keystroke="shift alt t" />
  </action>
  <action id="Forward">
    <keyboard-shortcut first-keystroke="ctrl alt right" />
    <mouse-shortcut keystroke="button5" />
    <keyboard-shortcut first-keystroke="shift alt right" />
  </action>
  <action id="Git.Fetch">
    <keyboard-shortcut first-keystroke="shift ctrl g" second-keystroke="f" />
  </action>
  <action id="GotoImplementation">
    <keyboard-shortcut first-keystroke="ctrl alt b" />
    <mouse-shortcut keystroke="control alt button1" />
    <keyboard-shortcut first-keystroke="altGraph f12" />
  </action>
  <action id="IncrementWindowHeight" />
  <action id="IpnbMoveCellDownAction" />
  <action id="IpnbMoveCellUpAction" />
  <action id="Javascript.Linters.EsLint.Fix">
    <keyboard-shortcut first-keystroke="shift alt f" />
  </action>
  <action id="MoveLineDown">
    <keyboard-shortcut first-keystroke="shift ctrl down" />
  </action>
  <action id="MoveLineUp">
    <keyboard-shortcut first-keystroke="shift ctrl up" />
  </action>
  <action id="MoveStatementDown">
    <keyboard-shortcut first-keystroke="shift ctrl numpad5" />
  </action>
  <action id="MoveStatementUp">
    <keyboard-shortcut first-keystroke="shift ctrl numpad8" />
  </action>
  <action id="NewScratchFile" />
  <action id="NextEditorTab" />
  <action id="PlaybackLastMacro">
    <keyboard-shortcut first-keystroke="shift alt v" />
  </action>
  <action id="PreviousEditorTab" />
  <action id="ResetColumnsWidth" />
  <action id="ResizeToolWindowDown" />
  <action id="ResizeToolWindowUp" />
  <action id="ShowBookmarks">
    <keyboard-shortcut first-keystroke="alt f2" />
    <keyboard-shortcut first-keystroke="alt w" />
  </action>
  <action id="ToggleBookmarkWithMnemonic">
    <keyboard-shortcut first-keystroke="ctrl f11" />
    <keyboard-shortcut first-keystroke="alt s" />
  </action>
  <action id="hg4idea.pull">
    <keyboard-shortcut first-keystroke="shift ctrl g" second-keystroke="g" />
  </action>
</keymap>